X,Y,Z
300.0,0.0,0.0
299.2,0.0,0.0
298.4,0.0,0.0
297.6,0.0,0.0
296.8,0.0,0.0
296.0,0.0,0.0
295.2,0.0,0.0
294.4,0.0,0.0
293.6,0.0,0.0
292.8,0.0,0.0
292.0,0.0,0.0
291.2,0.0,0.0
290.4,0.0,0.0
289.6,0.0,0.0
288.8,0.0,0.0
288.0,0.0,0.0
287.2,0.0,0.0
286.4,0.0,0.0
285.6,0.0,0.0
284.8,0.0,0.0
284.0,0.0,0.0
283.2,0.0,0.0
282.4,0.0,0.0
281.6,0.0,0.0
280.8,0.0,0.0
280.0,0.0,0.0
279.2,0.0,0.0
278.4,0.0,0.0
277.6,0.0,0.0
276.8,0.0,0.0
276.0,0.0,0.0
275.2,0.0,0.0
274.4,0.0,0.0
273.6,0.0,0.0
272.8,0.0,0.0
272.0,0.0,0.0
271.2,0.0,0.0
270.4,0.0,0.0
269.6,0.0,0.0
268.8,0.0,0.0
268.0,0.0,0.0
267.2,0.0,0.0
266.4,0.0,0.0
265.6,0.0,0.0
264.8,0.0,0.0
264.0,0.0,0.0
263.2,0.0,0.0
262.4,0.0,0.0
261.6,0.0,0.0
260.8,0.0,0.0
260.0,0.0,0.0
259.2,0.0,0.0
258.4,0.0,0.0
257.6,0.0,0.0
256.8,0.0,0.0
256.0,0.0,0.0
255.2,0.0,0.0
254.4,0.0,0.0
253.6,0.0,0.0
252.8,0.0,0.0
252.0,0.0,0.0
251.2,0.0,0.0
250.4,0.0,0.0
249.6,0.0,0.0
248.8,0.0,0.0
248.0,0.0,0.0
247.2,0.0,0.0
246.4,0.0,0.0
245.6,0.0,0.0
244.8,0.0,0.0
244.0,0.0,0.0
243.2,0.0,0.0
242.4,0.0,0.0
241.6,0.0,0.0
240.8,0.0,0.0
240.0,0.0,0.0
239.2,0.0,0.0
238.4,0.0,0.0
237.6,0.0,0.0
236.8,0.0,0.0
236.0,0.0,0.0
235.2,0.0,0.0
234.39999999999998,0.0,0.0
233.6,0.0,0.0
232.8,0.0,0.0
232.0,0.0,0.0
231.2,0.0,0.0
230.4,0.0,0.0
229.60000000000002,0.0,0.0
228.8,0.0,0.0
228.0,0.0,0.0
227.2,0.0,0.0
226.4,0.0,0.0
225.6,0.0,0.0
224.8,0.0,0.0
224.0,0.0,0.0
223.2,0.0,0.0
222.39999999999998,0.0,0.0
221.6,0.0,0.0
220.8,0.0,0.0
220.0,0.0,0.0
219.2,0.0,0.0
218.4,0.0,0.0
217.60000000000002,0.0,0.0
216.8,0.0,0.0
216.0,0.0,0.0
215.2,0.0,0.0
214.4,0.0,0.0
213.6,0.0,0.0
212.8,0.0,0.0
212.0,0.0,0.0
211.2,0.0,0.0
210.39999999999998,0.0,0.0
209.6,0.0,0.0
208.8,0.0,0.0
208.0,0.0,0.0
207.2,0.0,0.0
206.39999999999998,0.0,0.0
205.60000000000002,0.0,0.0
204.8,0.0,0.0
204.0,0.0,0.0
203.2,0.0,0.0
202.4,0.0,0.0
201.6,0.0,0.0
200.8,0.0,0.0
200.0,0.0,0.0
199.2,0.0,0.0
198.4,0.0,0.0
197.6,0.0,0.0
196.8,0.0,0.0
196.0,0.0,0.0
195.2,0.0,0.0
194.39999999999998,0.0,0.0
193.6,0.0,0.0
192.8,0.0,0.0
192.0,0.0,0.0
191.2,0.0,0.0
190.39999999999998,0.0,0.0
189.6,0.0,0.0
188.79999999999998,0.0,0.0
188.0,0.0,0.0
187.20000000000002,0.0,0.0
186.4,0.0,0.0
185.60000000000002,0.0,0.0
184.8,0.0,0.0
184.0,0.0,0.0
183.2,0.0,0.0
182.4,0.0,0.0
181.60000000000002,0.0,0.0
180.8,0.0,0.0
180.0,0.0,0.0
179.2,0.0,0.0
178.4,0.0,0.0
177.60000000000002,0.0,0.0
176.8,0.0,0.0
176.0,0.0,0.0
175.2,0.0,0.0
174.4,0.0,0.0
173.6,0.0,0.0
172.8,0.0,0.0
172.0,0.0,0.0
171.2,0.0,0.0
170.4,0.0,0.0
169.6,0.0,0.0
168.79999999999998,0.0,0.0
168.0,0.0,0.0
167.2,0.0,0.0
166.4,0.0,0.0
165.6,0.0,0.0
164.79999999999998,0.0,0.0
164.0,0.0,0.0
163.2,0.0,0.0
162.4,0.0,0.0
161.60000000000002,0.0,0.0
160.8,0.0,0.0
160.0,0.0,0.0
159.20000000000002,0.0,0.0
158.4,0.0,0.0
157.6,0.0,0.0
156.8,0.0,0.0
156.0,0.0,0.0
155.20000000000002,0.0,0.0
154.4,0.0,0.0
153.6,0.0,0.0
152.8,0.0,0.0
152.0,0.0,0.0
151.2,0.0,0.0
150.4,0.0,0.0
149.6,0.0,0.0
148.8,0.0,0.0
148.0,0.0,0.0
147.2,0.0,0.0
146.4,0.0,0.0
145.6,0.0,0.0
144.79999999999998,0.0,0.0
144.0,0.0,0.0
143.2,0.0,0.0
142.4,0.0,0.0
141.6,0.0,0.0
140.79999999999998,0.0,0.0
140.0,0.0,0.0
139.2,0.0,0.0
138.39999999999998,0.0,0.0
137.6,0.0,0.0
136.8,0.0,0.0
136.0,0.0,0.0
135.20000000000002,0.0,0.0
134.4,0.0,0.0
133.6,0.0,0.0
132.8,0.0,0.0
132.0,0.0,0.0
131.20000000000002,0.0,0.0
130.4,0.0,0.0
129.6,0.0,0.0
128.8,0.0,0.0
128.0,0.0,0.0
127.19999999999999,0.0,0.0
126.4,0.0,0.0
125.6,0.0,0.0
124.80000000000001,0.0,0.0
124.0,0.0,0.0
123.19999999999999,0.0,0.0
122.4,0.0,0.0
121.6,0.0,0.0
120.79999999999998,0.0,0.0
120.0,0.0,0.0
119.19999999999999,0.0,0.0
118.4,0.0,0.0
117.6,0.0,0.0
116.79999999999998,0.0,0.0
116.0,0.0,0.0
115.19999999999999,0.0,0.0
114.39999999999998,0.0,0.0
113.6,0.0,0.0
112.79999999999998,0.0,0.0
112.0,0.0,0.0
111.20000000000002,0.0,0.0
110.4,0.0,0.0
109.60000000000002,0.0,0.0
108.80000000000001,0.0,0.0
108.0,0.0,0.0
107.20000000000002,0.0,0.0
106.4,0.0,0.0
105.6,0.0,0.0
104.80000000000001,0.0,0.0
104.0,0.0,0.0
103.19999999999999,0.0,0.0
102.4,0.0,0.0
101.6,0.0,0.0
100.80000000000001,0.0,0.0
100.0,0.0,0.0
