frame;time;ur_L;vr_L;ur_R;vr_R;ul_L;vl_L;ul_R;vl_R
0;0.0;-24.89;288.0;81.78;288.0;1290.67;288.0;1610.67;288.0
1;0.04;-22.22;287.29;84.45;287.29;1284.27;274.63;1604.27;274.63
2;0.08;-19.58;286.58;87.1;286.58;1277.87;261.47;1597.87;261.47
3;0.12;-16.97;285.87;89.73;285.87;1271.47;248.73;1591.47;248.73
4;0.16;-14.38;285.15;92.34;285.15;1265.07;236.61;1585.07;236.61
5;0.2;-11.83;284.44;94.92;284.44;1258.67;225.3;1578.67;225.3
6;0.24;-9.31;283.73;97.48;283.73;1252.27;214.98;1572.27;214.98
7;0.28;-6.82;283.01;100.01;283.01;1245.87;205.81;1565.87;205.81
8;0.32;-4.37;282.3;102.51;282.3;1239.47;197.94;1559.47;197.94
9;0.36;-1.95;281.58;104.99;281.58;1233.07;191.49;1553.07;191.49
10;0.4;0.43;280.87;107.44;280.87;1226.67;186.55;1546.67;186.55
11;0.44;2.78;280.15;109.85;280.15;1220.27;183.22;1540.27;183.22
12;0.48;5.09;279.43;112.24;279.43;1213.87;181.54;1533.87;181.54
13;0.52;7.35;278.71;114.59;278.71;1207.47;181.54;1527.47;181.54
14;0.56;9.58;277.98;116.9;277.98;1201.07;183.22;1521.07;183.22
15;0.6;11.76;277.26;119.18;277.26;1194.67;186.55;1514.67;186.55
16;0.64;13.91;276.53;121.43;276.53;1188.27;191.49;1508.27;191.49
17;0.68;16.0;275.8;123.64;275.8;1181.87;197.94;1501.87;197.94
18;0.72;18.06;275.07;125.81;275.07;1175.47;205.81;1495.47;205.81
19;0.76;20.06;274.34;127.94;274.34;1169.07;214.98;1489.07;214.98
20;0.8;22.02;273.6;130.02;273.6;1162.67;225.3;1482.67;225.3
21;0.84;23.93;272.86;132.07;272.86;1156.27;236.61;1476.27;236.61
22;0.88;25.79;272.12;134.07;272.12;1149.87;248.73;1469.87;248.73
23;0.92;27.6;271.37;136.03;271.37;1143.47;261.47;1463.47;261.47
24;0.96;29.36;270.63;137.94;270.63;1137.07;274.63;1457.07;274.63
25;1.0;31.07;269.88;139.81;269.88;1130.67;288.0;1450.67;288.0
26;1.04;32.72;269.12;141.63;269.12;1124.27;301.37;1444.27;301.37
27;1.08;34.32;268.37;143.4;268.37;1117.87;314.53;1437.87;314.53
28;1.12;35.86;267.6;145.12;267.6;1111.47;327.27;1431.47;327.27
29;1.16;37.35;266.84;146.79;266.84;1105.07;339.39;1425.07;339.39
30;1.2;38.77;266.07;148.41;266.07;1098.67;350.7;1418.67;350.7
31;1.24;40.14;265.3;149.98;265.3;1092.27;361.02;1412.27;361.02
32;1.28;41.45;264.53;151.49;264.53;1085.87;370.19;1405.87;370.19
33;1.32;42.7;263.75;152.94;263.75;1079.47;378.06;1399.47;378.06
34;1.36;43.88;262.96;154.34;262.96;1073.07;384.51;1393.07;384.51
35;1.4;45.01;262.17;155.69;262.17;1066.67;389.45;1386.67;389.45
36;1.44;46.07;261.38;156.97;261.38;1060.27;392.78;1380.27;392.78
37;1.48;47.06;260.59;158.2;260.59;1053.87;394.46;1373.87;394.46
38;1.52;47.99;259.79;159.36;259.79;1047.47;394.46;1367.47;394.46
39;1.56;48.86;258.98;160.47;258.98;1041.07;392.78;1361.07;392.78
40;1.6;49.65;258.17;161.51;258.17;1034.67;389.45;1354.67;389.45
41;1.64;50.38;257.36;162.49;257.36;1028.27;384.51;1348.27;384.51
42;1.68;51.04;256.54;163.41;256.54;1021.87;378.06;1341.87;378.06
43;1.72;51.63;255.71;164.26;255.71;1015.47;370.19;1335.47;370.19
44;1.76;52.15;254.88;165.04;254.88;1009.07;361.02;1329.07;361.02
45;1.8;52.6;254.05;165.76;254.05;1002.67;350.7;1322.67;350.7
46;1.84;52.97;253.21;166.41;253.21;996.27;339.39;1316.27;339.39
47;1.88;53.27;252.37;166.99;252.37;989.87;327.27;1309.87;327.27
48;1.92;53.5;251.52;167.51;251.52;983.47;314.53;1303.47;314.53
49;1.96;53.66;250.66;167.95;250.66;977.07;301.37;1297.07;301.37
50;2.0;53.74;249.81;168.32;249.81;970.67;288.0;1290.67;288.0
51;2.04;53.74;248.94;168.62;248.94;964.27;274.63;1284.27;274.63
52;2.08;53.67;248.07;168.85;248.07;957.87;261.47;1277.87;261.47
53;2.12;53.52;247.2;169.0;247.2;951.47;248.73;1271.47;248.73
54;2.16;53.29;246.32;169.08;246.32;945.07;236.61;1265.07;236.61
55;2.2;52.99;245.43;169.09;245.43;938.67;225.3;1258.67;225.3
56;2.24;52.61;244.54;169.02;244.54;932.27;214.98;1252.27;214.98
57;2.28;52.15;243.64;168.88;243.64;925.87;205.81;1245.87;205.81
58;2.32;51.61;242.74;168.66;242.74;919.47;197.94;1239.47;197.94
59;2.36;50.99;241.83;168.36;241.83;913.07;191.49;1233.07;191.49
60;2.4;50.29;240.92;167.99;240.92;906.67;186.55;1226.67;186.55
61;2.44;49.51;240.0;167.54;240.0;900.27;183.22;1220.27;183.22
62;2.48;48.66;239.08;167.01;239.08;893.87;181.54;1213.87;181.54
63;2.52;47.72;238.15;166.4;238.15;887.47;181.54;1207.47;181.54
64;2.56;46.7;237.22;165.72;237.22;881.07;183.22;1201.07;183.22
65;2.6;45.6;236.28;164.95;236.28;874.67;186.55;1194.67;186.55
66;2.64;44.42;235.34;164.11;235.34;868.27;191.49;1188.27;191.49
67;2.68;43.17;234.39;163.19;234.39;861.87;197.94;1181.87;197.94
68;2.72;41.83;233.44;162.19;233.44;855.47;205.81;1175.47;205.81
69;2.76;40.41;232.48;161.11;232.48;849.07;214.98;1169.07;214.98
70;2.8;38.91;231.52;159.95;231.52;842.67;225.3;1162.67;225.3
71;2.84;37.34;230.55;158.72;230.55;836.27;236.61;1156.27;236.61
72;2.88;35.68;229.58;157.4;229.58;829.87;248.73;1149.87;248.73
73;2.92;33.95;228.6;156.01;228.6;823.47;261.47;1143.47;261.47
74;2.96;32.14;227.62;154.53;227.62;817.07;274.63;1137.07;274.63
75;3.0;30.25;226.63;152.98;226.63;810.67;288.0;1130.67;288.0
76;3.04;28.29;225.64;151.36;225.64;804.27;301.37;1124.27;301.37
77;3.08;26.25;224.65;149.65;224.65;797.87;314.53;1117.87;314.53
78;3.12;24.13;223.66;147.87;223.66;791.47;327.27;1111.47;327.27
79;3.16;21.94;222.65;146.02;222.65;785.07;339.39;1105.07;339.39
80;3.2;19.68;221.65;144.09;221.65;778.67;350.7;1098.67;350.7
81;3.24;17.35;220.64;142.08;220.64;772.27;361.02;1092.27;361.02
82;3.28;14.95;219.63;140.0;219.63;765.87;370.19;1085.87;370.19
83;3.32;12.47;218.62;137.85;218.62;759.47;378.06;1079.47;378.06
84;3.36;9.93;217.61;135.63;217.61;753.07;384.51;1073.07;384.51
85;3.4;7.32;216.59;133.34;216.59;746.67;389.45;1066.67;389.45
86;3.44;4.65;215.57;130.98;215.57;740.27;392.78;1060.27;392.78
87;3.48;1.91;214.55;128.56;214.55;733.87;394.46;1053.87;394.46
88;3.52;-0.89;213.52;126.06;213.52;727.47;394.46;1047.47;394.46
89;3.56;-3.75;212.5;123.5;212.5;721.07;392.78;1041.07;392.78
90;3.6;-6.67;211.47;120.88;211.47;714.67;389.45;1034.67;389.45
91;3.64;-9.65;210.44;118.2;210.44;708.27;384.51;1028.27;384.51
92;3.68;-12.68;209.41;115.46;209.41;701.87;378.06;1021.87;378.06
93;3.72;-15.76;208.38;112.65;208.38;695.47;370.19;1015.47;370.19
94;3.76;-18.9;207.35;109.8;207.35;689.07;361.02;1009.07;361.02
95;3.8;-22.08;206.32;106.88;206.32;682.67;350.7;1002.67;350.7
96;3.84;-25.31;205.29;103.92;205.29;676.27;339.39;996.27;339.39
97;3.88;-28.59;204.26;100.9;204.26;669.87;327.27;989.87;327.27
98;3.92;-31.9;203.24;97.84;203.24;663.47;314.53;983.47;314.53
99;3.96;-35.26;202.21;94.73;202.21;657.07;301.37;977.07;301.37
100;4.0;-38.65;201.18;91.57;201.18;650.67;288.0;970.67;288.0
101;4.04;-42.08;200.16;88.38;200.16;644.27;274.63;964.27;274.63
102;4.08;-45.54;199.14;85.14;199.14;637.87;261.47;957.87;261.47
103;4.12;-49.02;198.12;81.87;198.12;631.47;248.73;951.47;248.73
104;4.16;-52.54;197.1;78.57;197.1;625.07;236.61;945.07;236.61
105;4.2;-56.07;196.09;75.23;196.09;618.67;225.3;938.67;225.3
106;4.24;-59.63;195.08;71.86;195.08;612.27;214.98;932.27;214.98
107;4.28;-63.21;194.07;68.47;194.07;605.87;205.81;925.87;205.81
108;4.32;-66.8;193.07;65.06;193.07;599.47;197.94;919.47;197.94
109;4.36;-70.4;192.07;61.62;192.07;593.07;191.49;913.07;191.49
110;4.4;-74.01;191.07;58.17;191.07;586.67;186.55;906.67;186.55
111;4.44;-77.62;190.08;54.7;190.08;580.27;183.22;900.27;183.22
112;4.48;-81.24;189.1;51.22;189.1;573.87;181.54;893.87;181.54
113;4.52;-84.86;188.12;47.73;188.12;567.47;181.54;887.47;181.54
114;4.56;-88.47;187.15;44.23;187.15;561.07;183.22;881.07;183.22
115;4.6;-92.08;186.18;40.73;186.18;554.67;186.55;874.67;186.55
116;4.64;-95.68;185.22;37.23;185.22;548.27;191.49;868.27;191.49
117;4.68;-99.27;184.26;33.73;184.26;541.87;197.94;861.87;197.94
118;4.72;-102.84;183.31;30.24;183.31;535.47;205.81;855.47;205.81
119;4.76;-106.39;182.37;26.76;182.37;529.07;214.98;849.07;214.98
120;4.8;-109.91;181.44;23.29;181.44;522.67;225.3;842.67;225.3
121;4.84;-113.42;180.51;19.83;180.51;516.27;236.61;836.27;236.61
122;4.88;-116.89;179.59;16.4;179.59;509.87;248.73;829.87;248.73
123;4.92;-120.33;178.68;12.98;178.68;503.47;261.47;823.47;261.47
124;4.96;-123.74;177.78;9.59;177.78;497.07;274.63;817.07;274.63
125;5.0;-127.11;176.89;6.22;176.89;490.67;288.0;810.67;288.0
126;5.04;-130.44;176.0;2.89;176.0;484.27;301.37;804.27;301.37
127;5.08;-133.73;175.13;-0.42;175.13;477.87;314.53;797.87;314.53
128;5.12;-136.97;174.26;-3.68;174.26;471.47;327.27;791.47;327.27
129;5.16;-140.16;173.41;-6.91;173.41;465.07;339.39;785.07;339.39
130;5.2;-143.3;172.56;-10.1;172.56;458.67;350.7;778.67;350.7
131;5.24;-146.39;171.72;-13.24;171.72;452.27;361.02;772.27;361.02
132;5.28;-149.42;170.89;-16.34;170.89;445.87;370.19;765.87;370.19
133;5.32;-152.39;170.07;-19.39;170.07;439.47;378.06;759.47;378.06
134;5.36;-155.3;169.27;-22.39;169.27;433.07;384.51;753.07;384.51
135;5.4;-158.14;168.47;-25.33;168.47;426.67;389.45;746.67;389.45
136;5.44;-160.92;167.68;-28.21;167.68;420.27;392.78;740.27;392.78
137;5.48;-163.63;166.91;-31.04;166.91;413.87;394.46;733.87;394.46
138;5.52;-166.26;166.14;-33.81;166.14;407.47;394.46;727.47;394.46
139;5.56;-168.83;165.38;-36.51;165.38;401.07;392.78;721.07;392.78
140;5.6;-171.32;164.64;-39.15;164.64;394.67;389.45;714.67;389.45
141;5.64;-173.73;163.9;-41.72;163.9;388.27;384.51;708.27;384.51
142;5.68;-176.07;163.18;-44.22;163.18;381.87;378.06;701.87;378.06
143;5.72;-178.32;162.47;-46.64;162.47;375.47;370.19;695.47;370.19
144;5.76;-180.5;161.77;-49.0;161.77;369.07;361.02;689.07;361.02
145;5.8;-182.58;161.07;-51.28;161.07;362.67;350.7;682.67;350.7
146;5.84;-184.59;160.39;-53.49;160.39;356.27;339.39;676.27;339.39
147;5.88;-186.51;159.72;-55.61;159.72;349.87;327.27;669.87;327.27
148;5.92;-188.34;159.06;-57.66;159.06;343.47;314.53;663.47;314.53
149;5.96;-190.08;158.41;-59.63;158.41;337.07;301.37;657.07;301.37
150;6.0;-191.74;157.78;-61.51;157.78;330.67;288.0;650.67;288.0
151;6.04;-193.3;157.15;-63.32;157.15;324.27;274.63;644.27;274.63
152;6.08;-194.78;156.53;-65.04;156.53;317.87;261.47;637.87;261.47
153;6.12;-196.16;155.92;-66.67;155.92;311.47;248.73;631.47;248.73
154;6.16;-197.45;155.32;-68.22;155.32;305.07;236.61;625.07;236.61
155;6.2;-198.64;154.74;-69.68;154.74;298.67;225.3;618.67;225.3
156;6.24;-199.75;154.16;-71.06;154.16;292.27;214.98;612.27;214.98
157;6.28;-200.76;153.59;-72.34;153.59;285.87;205.81;605.87;205.81
158;6.32;-201.68;153.03;-73.54;153.03;279.47;197.94;599.47;197.94
159;6.36;-202.5;152.48;-74.66;152.48;273.07;191.49;593.07;191.49
160;6.4;-203.23;151.94;-75.68;151.94;266.67;186.55;586.67;186.55
161;6.44;-203.87;151.41;-76.61;151.41;260.27;183.22;580.27;183.22
162;6.48;-204.41;150.89;-77.46;150.89;253.87;181.54;573.87;181.54
163;6.52;-204.86;150.38;-78.22;150.38;247.47;181.54;567.47;181.54
164;6.56;-205.22;149.87;-78.88;149.87;241.07;183.22;561.07;183.22
165;6.6;-205.49;149.38;-79.46;149.38;234.67;186.55;554.67;186.55
166;6.64;-205.66;148.89;-79.95;148.89;228.27;191.49;548.27;191.49
167;6.68;-205.74;148.41;-80.36;148.41;221.87;197.94;541.87;197.94
168;6.72;-205.73;147.93;-80.67;147.93;215.47;205.81;535.47;205.81
169;6.76;-205.63;147.47;-80.9;147.47;209.07;214.98;529.07;214.98
170;6.8;-205.45;147.01;-81.04;147.01;202.67;225.3;522.67;225.3
171;6.84;-205.17;146.56;-81.1;146.56;196.27;236.61;516.27;236.61
172;6.88;-204.81;146.11;-81.07;146.11;189.87;248.73;509.87;248.73
173;6.92;-204.36;145.67;-80.95;145.67;183.47;261.47;503.47;261.47
174;6.96;-203.82;145.24;-80.75;145.24;177.07;274.63;497.07;274.63
175;7.0;-203.2;144.81;-80.47;144.81;170.67;288.0;490.67;288.0
176;7.04;-202.5;144.39;-80.1;144.39;164.27;301.37;484.27;301.37
177;7.08;-201.71;143.97;-79.66;143.97;157.87;314.53;477.87;314.53
178;7.12;-200.85;143.56;-79.13;143.56;151.47;327.27;471.47;327.27
179;7.16;-199.9;143.16;-78.52;143.16;145.07;339.39;465.07;339.39
180;7.2;-198.88;142.75;-77.84;142.75;138.67;350.7;458.67;350.7
181;7.24;-197.77;142.36;-77.08;142.36;132.27;361.02;452.27;361.02
182;7.28;-196.6;141.96;-76.24;141.96;125.87;370.19;445.87;370.19
183;7.32;-195.35;141.57;-75.32;141.57;119.47;378.06;439.47;378.06
184;7.36;-194.02;141.18;-74.34;141.18;113.07;384.51;433.07;384.51
185;7.4;-192.63;140.8;-73.28;140.8;106.67;389.45;426.67;389.45
186;7.44;-191.16;140.42;-72.15;140.42;100.27;392.78;420.27;392.78
187;7.48;-189.63;140.04;-70.95;140.04;93.87;394.46;413.87;394.46
188;7.52;-188.03;139.66;-69.68;139.66;87.47;394.46;407.47;394.46
189;7.56;-186.37;139.29;-68.34;139.29;81.07;392.78;401.07;392.78
190;7.6;-184.64;138.92;-66.94;138.92;74.67;389.45;394.67;389.45
191;7.64;-182.85;138.55;-65.48;138.55;68.27;384.51;388.27;384.51
192;7.68;-181.0;138.18;-63.95;138.18;61.87;378.06;381.87;378.06
193;7.72;-179.09;137.81;-62.36;137.81;55.47;370.19;375.47;370.19
194;7.76;-177.12;137.44;-60.71;137.44;49.07;361.02;369.07;361.02
195;7.8;-175.1;137.07;-59.0;137.07;42.67;350.7;362.67;350.7
196;7.84;-173.02;136.7;-57.23;136.7;36.27;339.39;356.27;339.39
197;7.88;-170.9;136.33;-55.41;136.33;29.87;327.27;349.87;327.27
198;7.92;-168.72;135.96;-53.54;135.96;23.47;314.53;343.47;314.53
199;7.96;-166.49;135.59;-51.61;135.59;17.07;301.37;337.07;301.37
200;8.0;-164.22;135.22;-49.63;135.22;10.67;288.0;330.67;288.0
201;8.04;-161.9;134.85;-47.6;134.85;4.27;274.63;324.27;274.63
202;8.08;-159.53;134.47;-45.53;134.47;-2.13;261.47;317.87;261.47
203;8.12;-157.13;134.1;-43.41;134.1;-8.53;248.73;311.47;248.73
204;8.16;-154.68;133.72;-41.24;133.72;-14.93;236.61;305.07;236.61
205;8.2;-152.19;133.34;-39.03;133.34;-21.33;225.3;298.67;225.3
206;8.24;-149.67;132.96;-36.78;132.96;-27.73;214.98;292.27;214.98
207;8.28;-147.11;132.57;-34.48;132.57;-34.13;205.81;285.87;205.81
208;8.32;-144.52;132.18;-32.15;132.18;-40.53;197.94;279.47;197.94
209;8.36;-141.89;131.79;-29.78;131.79;-46.93;191.49;273.07;191.49
210;8.4;-139.24;131.4;-27.38;131.4;-53.33;186.55;266.67;186.55
211;8.44;-136.55;131.0;-24.94;131.0;-59.73;183.22;260.27;183.22
212;8.48;-133.84;130.6;-22.47;130.6;-66.13;181.54;253.87;181.54
213;8.52;-131.1;130.19;-19.97;130.19;-72.53;181.54;247.47;181.54
214;8.56;-128.34;129.78;-17.43;129.78;-78.93;183.22;241.07;183.22
215;8.6;-125.55;129.36;-14.87;129.36;-85.33;186.55;234.67;186.55
216;8.64;-122.74;128.94;-12.28;128.94;-91.73;191.49;228.27;191.49
217;8.68;-119.92;128.51;-9.67;128.51;-98.13;197.94;221.87;197.94
218;8.72;-117.07;128.08;-7.03;128.08;-104.53;205.81;215.47;205.81
219;8.76;-114.21;127.64;-4.37;127.64;-110.93;214.98;209.07;214.98
220;8.8;-111.33;127.2;-1.69;127.2;-117.33;225.3;202.67;225.3
221;8.84;-108.44;126.75;1.01;126.75;-123.73;236.61;196.27;236.61
222;8.88;-105.54;126.29;3.72;126.29;-130.13;248.73;189.87;248.73
223;8.92;-102.62;125.83;6.46;125.83;-136.53;261.47;183.47;261.47
224;8.96;-99.7;125.36;9.21;125.36;-142.93;274.63;177.07;274.63
225;9.0;-96.77;124.88;11.98;124.88;-149.33;288.0;170.67;288.0
226;9.04;-93.83;124.4;14.75;124.4;-155.73;301.37;164.27;301.37
227;9.08;-90.89;123.91;17.54;123.91;-162.13;314.53;157.87;314.53
228;9.12;-87.94;123.41;20.34;123.41;-168.53;327.27;151.47;327.27
229;9.16;-84.99;122.91;23.15;122.91;-174.93;339.39;145.07;339.39
230;9.2;-82.04;122.4;25.96;122.4;-181.33;350.7;138.67;350.7
231;9.24;-79.09;121.88;28.78;121.88;-187.73;361.02;132.27;361.02
232;9.28;-76.14;121.35;31.61;121.35;-194.13;370.19;125.87;370.19
233;9.32;-73.2;120.81;34.44;120.81;-200.53;378.06;119.47;378.06
234;9.36;-70.26;120.26;37.27;120.26;-206.93;384.51;113.07;384.51
235;9.4;-67.32;119.71;40.1;119.71;-213.33;389.45;106.67;389.45
236;9.44;-64.4;119.14;42.93;119.14;-219.73;392.78;100.27;392.78
237;9.48;-61.48;118.57;45.75;118.57;-226.13;394.46;93.87;394.46
238;9.52;-58.57;117.99;48.58;117.99;-232.53;394.46;87.47;394.46
239;9.56;-55.67;117.4;51.4;117.4;-238.93;392.78;81.07;392.78
240;9.6;-52.79;116.8;54.21;116.8;-245.33;389.45;74.67;389.45
241;9.64;-49.92;116.18;57.02;116.18;-251.73;384.51;68.27;384.51
242;9.68;-47.06;115.56;59.82;115.56;-258.13;378.06;61.87;378.06
243;9.72;-44.22;114.93;62.61;114.93;-264.53;370.19;55.47;370.19
244;9.76;-41.4;114.29;65.39;114.29;-270.93;361.02;49.07;361.02
245;9.8;-38.59;113.64;68.16;113.64;-277.33;350.7;42.67;350.7
246;9.84;-35.81;112.98;70.91;112.98;-283.73;339.39;36.27;339.39
247;9.88;-33.04;112.31;73.65;112.31;-290.13;327.27;29.87;327.27
248;9.92;-30.3;111.62;76.38;111.62;-296.53;314.53;23.47;314.53
249;9.96;-27.58;110.93;79.09;110.93;-302.93;301.37;17.07;301.37
250;10.0;-24.89;110.22;81.78;110.22;-309.33;288.0;10.67;288.0
