Frame,LB_World_X,LB_World_Y,LB_World_Z,LB_LeftCam_Pixel_X,LB_LeftCam_Pixel_Y,LB_RightCam_Pixel_X,LB_RightCam_Pixel_Y,RB_World_X,RB_World_Y,RB_World_Z,RB_LeftCam_Pixel_X,RB_LeftCam_Pixel_Y,RB_RightCam_Pixel_X,RB_RightCam_Pixel_Y
0,300.0,-50.0,0.0,615,288,508,288,300.0,-50.0,0.0,615,288,508,288
1,300.0,-50.0,0.2,615,287,508,287,299.2,-49.8,0.0,615,288,508,288
2,300.0,-50.0,0.4,615,286,508,286,298.4,-49.6,0.0,614,288,507,288
3,300.0,-50.0,0.6,615,285,508,285,297.6,-49.4,0.0,614,288,507,288
4,300.0,-50.0,0.8,615,285,508,285,296.8,-49.2,0.0,614,288,506,288
5,300.0,-50.0,1.0,615,284,508,284,296.0,-49.0,0.0,614,288,506,288
6,300.0,-50.0,1.2,615,283,508,283,295.2,-48.8,0.0,614,288,506,288
7,300.0,-50.0,1.4,615,283,508,283,294.4,-48.6,0.0,614,288,505,288
8,300.0,-50.0,1.6,615,282,508,282,293.6,-48.4,0.0,614,288,505,288
9,300.0,-50.0,1.8,615,281,508,281,292.8,-48.2,0.0,614,288,504,288
10,300.0,-50.0,2.0,615,280,508,280,292.0,-48.0,0.0,614,288,504,288
11,300.0,-50.0,2.2,615,280,508,280,291.2,-47.8,0.0,614,288,504,288
12,300.0,-50.0,2.4,615,279,508,279,290.4,-47.6,0.0,613,288,503,288
13,300.0,-50.0,2.6,615,278,508,278,289.6,-47.4,0.0,613,288,503,288
14,300.0,-50.0,2.8,615,278,508,278,288.8,-47.2,0.0,613,288,502,288
15,300.0,-50.0,3.0,615,277,508,277,288.0,-47.0,0.0,613,288,502,288
16,300.0,-50.0,3.2,615,276,508,276,287.2,-46.8,0.0,613,288,502,288
17,300.0,-50.0,3.4,615,275,508,275,286.4,-46.6,0.0,613,288,501,288
18,300.0,-50.0,3.6,615,275,508,275,285.6,-46.4,0.0,613,288,501,288
19,300.0,-50.0,3.8,615,274,508,274,284.8,-46.2,0.0,613,288,500,288
20,300.0,-50.0,4.0,615,273,508,273,284.0,-46.0,0.0,613,288,500,288
21,300.0,-50.0,4.2,615,273,508,273,283.2,-45.8,0.0,613,288,500,288
22,300.0,-50.0,4.4,615,272,508,272,282.4,-45.6,0.0,612,288,499,288
23,300.0,-50.0,4.6,615,271,508,271,281.6,-45.4,0.0,612,288,499,288
24,300.0,-50.0,4.8,615,270,508,270,280.8,-45.2,0.0,612,288,498,288
25,300.0,-50.0,5.0,615,270,508,270,280.0,-45.0,0.0,612,288,498,288
26,300.0,-50.0,5.2,615,269,508,269,279.2,-44.8,0.0,612,288,497,288
27,300.0,-50.0,5.4,615,268,508,268,278.4,-44.6,0.0,612,288,497,288
28,300.0,-50.0,5.6,615,268,508,268,277.6,-44.4,0.0,612,288,496,288
29,300.0,-50.0,5.8,615,267,508,267,276.8,-44.2,0.0,612,288,496,288
30,300.0,-50.0,6.0,615,266,508,266,276.0,-44.0,0.0,612,288,496,288
31,300.0,-50.0,6.2,615,265,508,265,275.2,-43.8,0.0,611,288,495,288
32,300.0,-50.0,6.4,615,265,508,265,274.4,-43.6,0.0,611,288,495,288
33,300.0,-50.0,6.6,615,264,508,264,273.6,-43.4,0.0,611,288,494,288
34,300.0,-50.0,6.8,615,263,508,263,272.8,-43.2,0.0,611,288,494,288
35,300.0,-50.0,7.0,615,263,508,263,272.0,-43.0,0.0,611,288,493,288
36,300.0,-50.0,7.2,615,262,508,262,271.2,-42.8,0.0,611,288,493,288
37,300.0,-50.0,7.4,615,261,508,261,270.4,-42.6,0.0,611,288,492,288
38,300.0,-50.0,7.6,615,260,508,260,269.6,-42.4,0.0,611,288,492,288
39,300.0,-50.0,7.8,615,260,508,260,268.8,-42.2,0.0,610,288,491,288
40,300.0,-50.0,8.0,615,259,508,259,268.0,-42.0,0.0,610,288,491,288
41,300.0,-50.0,8.2,615,258,508,258,267.2,-41.8,0.0,610,288,490,288
42,300.0,-50.0,8.4,615,258,508,258,266.4,-41.6,0.0,610,288,490,288
43,300.0,-50.0,8.6,615,257,508,257,265.6,-41.4,0.0,610,288,490,288
44,300.0,-50.0,8.8,615,256,508,256,264.8,-41.2,0.0,610,288,489,288
45,300.0,-50.0,9.0,615,256,508,256,264.0,-41.0,0.0,610,288,489,288
46,300.0,-50.0,9.2,615,255,508,255,263.2,-40.8,0.0,610,288,488,288
47,300.0,-50.0,9.4,615,254,508,254,262.4,-40.6,0.0,610,288,488,288
48,300.0,-50.0,9.6,615,253,508,253,261.6,-40.4,0.0,609,288,487,288
49,300.0,-50.0,9.8,615,253,508,253,260.8,-40.2,0.0,609,288,487,288
50,300.0,-50.0,10.0,615,252,508,252,260.0,-40.0,0.0,609,288,486,288
51,300.0,-50.0,10.2,615,251,508,251,259.2,-39.8,0.0,609,288,486,288
52,300.0,-50.0,10.4,615,251,508,251,258.4,-39.6,0.0,609,288,485,288
53,300.0,-50.0,10.6,615,250,508,250,257.6,-39.4,0.0,609,288,485,288
54,300.0,-50.0,10.8,615,249,508,249,256.8,-39.2,0.0,609,288,484,288
55,300.0,-50.0,11.0,615,248,508,248,256.0,-39.0,0.0,608,288,483,288
56,300.0,-50.0,11.2,615,248,508,248,255.2,-38.8,0.0,608,288,483,288
57,300.0,-50.0,11.4,615,247,508,247,254.4,-38.6,0.0,608,288,482,288
58,300.0,-50.0,11.6,615,246,508,246,253.6,-38.4,0.0,608,288,482,288
59,300.0,-50.0,11.8,615,246,508,246,252.8,-38.2,0.0,608,288,481,288
60,300.0,-50.0,12.0,615,245,508,245,252.0,-38.0,0.0,608,288,481,288
61,300.0,-50.0,12.2,615,244,508,244,251.2,-37.8,0.0,608,288,480,288
62,300.0,-50.0,12.4,615,243,508,243,250.4,-37.6,0.0,608,288,480,288
63,300.0,-50.0,12.6,615,243,508,243,249.6,-37.4,0.0,607,288,479,288
64,300.0,-50.0,12.8,615,242,508,242,248.8,-37.2,0.0,607,288,479,288
65,300.0,-50.0,13.0,615,241,508,241,248.0,-37.0,0.0,607,288,478,288
66,300.0,-50.0,13.2,615,241,508,241,247.2,-36.8,0.0,607,288,478,288
67,300.0,-50.0,13.4,615,240,508,240,246.4,-36.6,0.0,607,288,477,288
68,300.0,-50.0,13.6,615,239,508,239,245.6,-36.4,0.0,607,288,476,288
69,300.0,-50.0,13.8,615,238,508,238,244.8,-36.2,0.0,607,288,476,288
70,300.0,-50.0,14.0,615,238,508,238,244.0,-36.0,0.0,606,288,475,288
71,300.0,-50.0,14.2,615,237,508,237,243.2,-35.8,0.0,606,288,475,288
72,300.0,-50.0,14.4,615,236,508,236,242.4,-35.6,0.0,606,288,474,288
73,300.0,-50.0,14.6,615,236,508,236,241.6,-35.4,0.0,606,288,474,288
74,300.0,-50.0,14.8,615,235,508,235,240.8,-35.2,0.0,606,288,473,288
75,300.0,-50.0,15.0,615,234,508,234,240.0,-35.0,0.0,606,288,472,288
76,300.0,-50.0,15.2,615,233,508,233,239.2,-34.8,0.0,606,288,472,288
77,300.0,-50.0,15.4,615,233,508,233,238.4,-34.6,0.0,605,288,471,288
78,300.0,-50.0,15.6,615,232,508,232,237.6,-34.4,0.0,605,288,471,288
79,300.0,-50.0,15.8,615,231,508,231,236.8,-34.2,0.0,605,288,470,288
80,300.0,-50.0,16.0,615,231,508,231,236.0,-34.0,0.0,605,288,469,288
81,300.0,-50.0,16.2,615,230,508,230,235.2,-33.8,0.0,605,288,469,288
82,300.0,-50.0,16.4,615,229,508,229,234.4,-33.6,0.0,605,288,468,288
83,300.0,-50.0,16.6,615,228,508,228,233.6,-33.4,0.0,605,288,468,288
84,300.0,-50.0,16.8,615,228,508,228,232.8,-33.2,0.0,604,288,467,288
85,300.0,-50.0,17.0,615,227,508,227,232.0,-33.0,0.0,604,288,466,288
86,300.0,-50.0,17.2,615,226,508,226,231.2,-32.8,0.0,604,288,466,288
87,300.0,-50.0,17.4,615,226,508,226,230.4,-32.6,0.0,604,288,465,288
88,300.0,-50.0,17.6,615,225,508,225,229.6,-32.4,0.0,604,288,464,288
89,300.0,-50.0,17.8,615,224,508,224,228.8,-32.2,0.0,604,288,464,288
90,300.0,-50.0,18.0,615,224,508,224,228.0,-32.0,0.0,603,288,463,288
91,300.0,-50.0,18.2,615,223,508,223,227.2,-31.8,0.0,603,288,462,288
92,300.0,-50.0,18.4,615,222,508,222,226.4,-31.6,0.0,603,288,462,288
93,300.0,-50.0,18.6,615,221,508,221,225.6,-31.4,0.0,603,288,461,288
94,300.0,-50.0,18.8,615,221,508,221,224.8,-31.2,0.0,603,288,460,288
95,300.0,-50.0,19.0,615,220,508,220,224.0,-31.0,0.0,603,288,460,288
96,300.0,-50.0,19.2,615,219,508,219,223.2,-30.8,0.0,602,288,459,288
97,300.0,-50.0,19.4,615,219,508,219,222.4,-30.6,0.0,602,288,458,288
98,300.0,-50.0,19.6,615,218,508,218,221.6,-30.4,0.0,602,288,458,288
99,300.0,-50.0,19.8,615,217,508,217,220.8,-30.2,0.0,602,288,457,288
100,300.0,-50.0,20.0,615,216,508,216,220.0,-30.0,0.0,602,288,456,288
101,300.0,-50.0,20.2,615,216,508,216,219.2,-29.8,0.0,602,288,456,288
102,300.0,-50.0,20.4,615,215,508,215,218.4,-29.6,0.0,601,288,455,288
103,300.0,-50.0,20.6,615,214,508,214,217.6,-29.4,0.0,601,288,454,288
104,300.0,-50.0,20.8,615,214,508,214,216.8,-29.2,0.0,601,288,453,288
105,300.0,-50.0,21.0,615,213,508,213,216.0,-29.0,0.0,601,288,453,288
106,300.0,-50.0,21.2,615,212,508,212,215.2,-28.8,0.0,601,288,452,288
107,300.0,-50.0,21.4,615,211,508,211,214.4,-28.6,0.0,600,288,451,288
108,300.0,-50.0,21.6,615,211,508,211,213.6,-28.4,0.0,600,288,450,288
109,300.0,-50.0,21.8,615,210,508,210,212.8,-28.2,0.0,600,288,450,288
110,300.0,-50.0,22.0,615,209,508,209,212.0,-28.0,0.0,600,288,449,288
111,300.0,-50.0,22.2,615,209,508,209,211.2,-27.8,0.0,600,288,448,288
112,300.0,-50.0,22.4,615,208,508,208,210.4,-27.6,0.0,599,288,447,288
113,300.0,-50.0,22.6,615,207,508,207,209.6,-27.4,0.0,599,288,447,288
114,300.0,-50.0,22.8,615,206,508,206,208.8,-27.2,0.0,599,288,446,288
115,300.0,-50.0,23.0,615,206,508,206,208.0,-27.0,0.0,599,288,445,288
116,300.0,-50.0,23.2,615,205,508,205,207.2,-26.8,0.0,599,288,444,288
117,300.0,-50.0,23.4,615,204,508,204,206.4,-26.6,0.0,598,288,443,288
118,300.0,-50.0,23.6,615,204,508,204,205.6,-26.4,0.0,598,288,443,288
119,300.0,-50.0,23.8,615,203,508,203,204.8,-26.2,0.0,598,288,442,288
120,300.0,-50.0,24.0,615,202,508,202,204.0,-26.0,0.0,598,288,441,288
121,300.0,-50.0,24.2,615,201,508,201,203.2,-25.8,0.0,598,288,440,288
122,300.0,-50.0,24.4,615,201,508,201,202.4,-25.6,0.0,597,288,439,288
123,300.0,-50.0,24.6,615,200,508,200,201.6,-25.4,0.0,597,288,439,288
124,300.0,-50.0,24.8,615,199,508,199,200.8,-25.2,0.0,597,288,438,288
125,300.0,-50.0,25.0,615,199,508,199,200.0,-25.0,0.0,597,288,437,288
126,300.0,-50.0,25.2,615,198,508,198,199.2,-24.8,0.0,597,288,436,288
127,300.0,-50.0,25.4,615,197,508,197,198.4,-24.6,0.0,596,288,435,288
128,300.0,-50.0,25.6,615,196,508,196,197.6,-24.4,0.0,596,288,434,288
129,300.0,-50.0,25.8,615,196,508,196,196.8,-24.2,0.0,596,288,433,288
130,300.0,-50.0,26.0,615,195,508,195,196.0,-24.0,0.0,596,288,432,288
131,300.0,-50.0,26.2,615,194,508,194,195.2,-23.8,0.0,596,288,432,288
132,300.0,-50.0,26.4,615,194,508,194,194.4,-23.6,0.0,595,288,431,288
133,300.0,-50.0,26.6,615,193,508,193,193.6,-23.4,0.0,595,288,430,288
134,300.0,-50.0,26.8,615,192,508,192,192.8,-23.2,0.0,595,288,429,288
135,300.0,-50.0,27.0,615,192,508,192,192.0,-23.0,0.0,595,288,428,288
136,300.0,-50.0,27.2,615,191,508,191,191.2,-22.8,0.0,594,288,427,288
137,300.0,-50.0,27.4,615,190,508,190,190.4,-22.6,0.0,594,288,426,288
138,300.0,-50.0,27.6,615,189,508,189,189.6,-22.4,0.0,594,288,425,288
139,300.0,-50.0,27.8,615,189,508,189,188.8,-22.2,0.0,594,288,424,288
140,300.0,-50.0,28.0,615,188,508,188,188.0,-22.0,0.0,593,288,423,288
141,300.0,-50.0,28.2,615,187,508,187,187.2,-21.8,0.0,593,288,422,288
142,300.0,-50.0,28.4,615,187,508,187,186.4,-21.6,0.0,593,288,421,288
143,300.0,-50.0,28.6,615,186,508,186,185.6,-21.4,0.0,593,288,420,288
144,300.0,-50.0,28.8,615,185,508,185,184.8,-21.2,0.0,592,288,419,288
145,300.0,-50.0,29.0,615,184,508,184,184.0,-21.0,0.0,592,288,418,288
146,300.0,-50.0,29.2,615,184,508,184,183.2,-20.8,0.0,592,288,417,288
147,300.0,-50.0,29.4,615,183,508,183,182.4,-20.6,0.0,592,288,416,288
148,300.0,-50.0,29.6,615,182,508,182,181.6,-20.4,0.0,591,288,415,288
149,300.0,-50.0,29.8,615,182,508,182,180.8,-20.2,0.0,591,288,414,288
150,300.0,-50.0,30.0,615,181,508,181,180.0,-20.0,0.0,591,288,413,288
151,300.0,-50.0,30.2,615,180,508,180,179.2,-19.8,0.0,591,288,412,288
152,300.0,-50.0,30.4,615,179,508,179,178.4,-19.6,0.0,590,288,411,288
153,300.0,-50.0,30.6,615,179,508,179,177.6,-19.4,0.0,590,288,410,288
154,300.0,-50.0,30.8,615,178,508,178,176.8,-19.2,0.0,590,288,409,288
155,300.0,-50.0,31.0,615,177,508,177,176.0,-19.0,0.0,590,288,408,288
156,300.0,-50.0,31.2,615,177,508,177,175.2,-18.8,0.0,589,288,407,288
157,300.0,-50.0,31.4,615,176,508,176,174.4,-18.6,0.0,589,288,406,288
158,300.0,-50.0,31.6,615,175,508,175,173.6,-18.4,0.0,589,288,404,288
159,300.0,-50.0,31.8,615,174,508,174,172.8,-18.2,0.0,588,288,403,288
160,300.0,-50.0,32.0,615,174,508,174,172.0,-18.0,0.0,588,288,402,288
161,300.0,-50.0,32.2,615,173,508,173,171.2,-17.8,0.0,588,288,401,288
162,300.0,-50.0,32.4,615,172,508,172,170.4,-17.6,0.0,588,288,400,288
163,300.0,-50.0,32.6,615,172,508,172,169.6,-17.4,0.0,587,288,399,288
164,300.0,-50.0,32.8,615,171,508,171,168.8,-17.2,0.0,587,288,397,288
165,300.0,-50.0,33.0,615,170,508,170,168.0,-17.0,0.0,587,288,396,288
166,300.0,-50.0,33.2,615,169,508,169,167.2,-16.8,0.0,586,288,395,288
167,300.0,-50.0,33.4,615,169,508,169,166.4,-16.6,0.0,586,288,394,288
168,300.0,-50.0,33.6,615,168,508,168,165.6,-16.4,0.0,586,288,393,288
169,300.0,-50.0,33.8,615,167,508,167,164.8,-16.2,0.0,585,288,391,288
170,300.0,-50.0,34.0,615,167,508,167,164.0,-16.0,0.0,585,288,390,288
171,300.0,-50.0,34.2,615,166,508,166,163.2,-15.8,0.0,585,288,389,288
172,300.0,-50.0,34.4,615,165,508,165,162.4,-15.6,0.0,584,288,387,288
173,300.0,-50.0,34.6,615,164,508,164,161.6,-15.4,0.0,584,288,386,288
174,300.0,-50.0,34.8,615,164,508,164,160.8,-15.2,0.0,584,288,385,288
175,300.0,-50.0,35.0,615,163,508,163,160.0,-15.0,0.0,583,288,383,288
176,300.0,-50.0,35.2,615,162,508,162,159.2,-14.8,0.0,583,288,382,288
177,300.0,-50.0,35.4,615,162,508,162,158.4,-14.6,0.0,583,288,381,288
178,300.0,-50.0,35.6,615,161,508,161,157.6,-14.4,0.0,582,288,379,288
179,300.0,-50.0,35.8,615,160,508,160,156.8,-14.2,0.0,582,288,378,288
180,300.0,-50.0,36.0,615,160,508,160,156.0,-14.0,0.0,582,288,377,288
181,300.0,-50.0,36.2,615,159,508,159,155.2,-13.8,0.0,581,288,375,288
182,300.0,-50.0,36.4,615,158,508,158,154.4,-13.6,0.0,581,288,374,288
183,300.0,-50.0,36.6,615,157,508,157,153.6,-13.4,0.0,581,288,372,288
184,300.0,-50.0,36.8,615,157,508,157,152.8,-13.2,0.0,580,288,371,288
185,300.0,-50.0,37.0,615,156,508,156,152.0,-13.0,0.0,580,288,369,288
186,300.0,-50.0,37.2,615,155,508,155,151.2,-12.8,0.0,580,288,368,288
187,300.0,-50.0,37.4,615,155,508,155,150.4,-12.6,0.0,579,288,366,288
188,300.0,-50.0,37.6,615,154,508,154,149.6,-12.4,0.0,579,288,365,288
189,300.0,-50.0,37.8,615,153,508,153,148.8,-12.2,0.0,578,288,363,288
190,300.0,-50.0,38.0,615,152,508,152,148.0,-12.0,0.0,578,288,362,288
191,300.0,-50.0,38.2,615,152,508,152,147.2,-11.8,0.0,578,288,360,288
192,300.0,-50.0,38.4,615,151,508,151,146.4,-11.6,0.0,577,288,359,288
193,300.0,-50.0,38.6,615,150,508,150,145.6,-11.4,0.0,577,288,357,288
194,300.0,-50.0,38.8,615,150,508,150,144.8,-11.2,0.0,577,288,356,288
195,300.0,-50.0,39.0,615,149,508,149,144.0,-11.0,0.0,576,288,354,288
196,300.0,-50.0,39.2,615,148,508,148,143.2,-10.8,0.0,576,288,352,288
197,300.0,-50.0,39.4,615,147,508,147,142.4,-10.6,0.0,575,288,351,288
198,300.0,-50.0,39.6,615,147,508,147,141.6,-10.4,0.0,575,288,349,288
199,300.0,-50.0,39.8,615,146,508,146,140.8,-10.2,0.0,574,288,347,288
200,300.0,-50.0,40.0,615,145,508,145,140.0,-10.0,0.0,574,288,345,288
201,300.0,-50.0,40.2,615,145,508,145,139.2,-9.8,0.0,574,288,344,288
202,300.0,-50.0,40.4,615,144,508,144,138.4,-9.6,0.0,573,288,342,288
203,300.0,-50.0,40.6,615,143,508,143,137.6,-9.4,0.0,573,288,340,288
204,300.0,-50.0,40.8,615,142,508,142,136.8,-9.2,0.0,572,288,338,288
205,300.0,-50.0,41.0,615,142,508,142,136.0,-9.0,0.0,572,288,336,288
206,300.0,-50.0,41.2,615,141,508,141,135.2,-8.8,0.0,571,288,335,288
207,300.0,-50.0,41.4,615,140,508,140,134.4,-8.6,0.0,571,288,333,288
208,300.0,-50.0,41.6,615,140,508,140,133.6,-8.4,0.0,570,288,331,288
209,300.0,-50.0,41.8,615,139,508,139,132.8,-8.2,0.0,570,288,329,288
210,300.0,-50.0,42.0,615,138,508,138,132.0,-8.0,0.0,569,288,327,288
211,300.0,-50.0,42.2,615,137,508,137,131.2,-7.8,0.0,569,288,325,288
212,300.0,-50.0,42.4,615,137,508,137,130.4,-7.6,0.0,568,288,323,288
213,300.0,-50.0,42.6,615,136,508,136,129.6,-7.4,0.0,568,288,321,288
214,300.0,-50.0,42.8,615,135,508,135,128.8,-7.2,0.0,567,288,319,288
215,300.0,-50.0,43.0,615,135,508,135,128.0,-7.0,0.0,567,288,317,288
216,300.0,-50.0,43.2,615,134,508,134,127.2,-6.8,0.0,566,288,315,288
217,300.0,-50.0,43.4,615,133,508,133,126.4,-6.6,0.0,566,288,313,288
218,300.0,-50.0,43.6,615,132,508,132,125.6,-6.4,0.0,565,288,310,288
219,300.0,-50.0,43.8,615,132,508,132,124.8,-6.2,0.0,565,288,308,288
220,300.0,-50.0,44.0,615,131,508,131,124.0,-6.0,0.0,564,288,306,288
221,300.0,-50.0,44.2,615,130,508,130,123.2,-5.8,0.0,564,288,304,288
222,300.0,-50.0,44.4,615,130,508,130,122.4,-5.6,0.0,563,288,302,288
223,300.0,-50.0,44.6,615,129,508,129,121.6,-5.4,0.0,562,288,299,288
224,300.0,-50.0,44.8,615,128,508,128,120.8,-5.2,0.0,562,288,297,288
225,300.0,-50.0,45.0,615,128,508,128,120.0,-5.0,0.0,561,288,295,288
226,300.0,-50.0,45.2,615,127,508,127,119.2,-4.8,0.0,561,288,292,288
227,300.0,-50.0,45.4,615,126,508,126,118.4,-4.6,0.0,560,288,290,288
228,300.0,-50.0,45.6,615,125,508,125,117.6,-4.4,0.0,559,288,287,288
229,300.0,-50.0,45.8,615,125,508,125,116.8,-4.2,0.0,559,288,285,288
230,300.0,-50.0,46.0,615,124,508,124,116.0,-4.0,0.0,558,288,282,288
231,300.0,-50.0,46.2,615,123,508,123,115.2,-3.8,0.0,558,288,280,288
232,300.0,-50.0,46.4,615,123,508,123,114.4,-3.6,0.0,557,288,277,288
233,300.0,-50.0,46.6,615,122,508,122,113.6,-3.4,0.0,556,288,275,288
234,300.0,-50.0,46.8,615,121,508,121,112.8,-3.2,0.0,556,288,272,288
235,300.0,-50.0,47.0,615,120,508,120,112.0,-3.0,0.0,555,288,269,288
236,300.0,-50.0,47.2,615,120,508,120,111.2,-2.8,0.0,554,288,266,288
237,300.0,-50.0,47.4,615,119,508,119,110.4,-2.6,0.0,554,288,264,288
238,300.0,-50.0,47.6,615,118,508,118,109.6,-2.4,0.0,553,288,261,288
239,300.0,-50.0,47.8,615,118,508,118,108.8,-2.2,0.0,552,288,258,288
240,300.0,-50.0,48.0,615,117,508,117,108.0,-2.0,0.0,551,288,255,288
241,300.0,-50.0,48.2,615,116,508,116,107.2,-1.8,0.0,551,288,252,288
242,300.0,-50.0,48.4,615,115,508,115,106.4,-1.6,0.0,550,288,249,288
243,300.0,-50.0,48.6,615,115,508,115,105.6,-1.4,0.0,549,288,246,288
244,300.0,-50.0,48.8,615,114,508,114,104.8,-1.2,0.0,548,288,243,288
245,300.0,-50.0,49.0,615,113,508,113,104.0,-1.0,0.0,548,288,240,288
246,300.0,-50.0,49.2,615,113,508,113,103.2,-0.8,0.0,547,288,237,288
247,300.0,-50.0,49.4,615,112,508,112,102.4,-0.6,0.0,546,288,233,288
248,300.0,-50.0,49.6,615,111,508,111,101.6,-0.4,0.0,545,288,230,288
249,300.0,-50.0,49.8,615,110,508,110,100.8,-0.2,0.0,544,288,227,288
250,300.0,-50.0,50.0,615,110,508,110,100.0,0.0,0.0,543,288,223,288
