frame;time;Xr;Yr;Zr;Xl;Yl;Zl
0;0.0;300.0;-100.0;0.0;300.0;100.0;0.0
1;0.04;299.2;-99.2;0.0;299.6;99.2;0.0
2;0.08;298.4;-98.4;0.0;299.2;98.4;0.0
3;0.12;297.6;-97.6;0.0;298.8;97.6;0.0
4;0.16;296.8;-96.8;0.0;298.4;96.8;0.0
5;0.2;296.0;-96.0;0.0;298.0;96.0;0.0
6;0.24;295.2;-95.2;0.0;297.6;95.2;0.0
7;0.28;294.4;-94.4;0.0;297.2;94.4;0.0
8;0.32;293.6;-93.6;0.0;296.8;93.6;0.0
9;0.36;292.8;-92.8;0.0;296.4;92.8;0.0
10;0.4;292.0;-92.0;0.0;296.0;92.0;0.0
11;0.44;291.2;-91.2;0.0;295.6;91.2;0.0
12;0.48;290.4;-90.4;0.0;295.2;90.4;0.0
13;0.52;289.6;-89.6;0.0;294.8;89.6;0.0
14;0.56;288.8;-88.8;0.0;294.4;88.8;0.0
15;0.6;288.0;-88.0;0.0;294.0;88.0;0.0
16;0.64;287.2;-87.2;0.0;293.6;87.2;0.0
17;0.68;286.4;-86.4;0.0;293.2;86.4;0.0
18;0.72;285.6;-85.6;0.0;292.8;85.6;0.0
19;0.76;284.8;-84.8;0.0;292.4;84.8;0.0
20;0.8;284.0;-84.0;0.0;292.0;84.0;0.0
21;0.84;283.2;-83.2;0.0;291.6;83.2;0.0
22;0.88;282.4;-82.4;0.0;291.2;82.4;0.0
23;0.92;281.6;-81.6;0.0;290.8;81.6;0.0
24;0.96;280.8;-80.8;0.0;290.4;80.8;0.0
25;1.0;280.0;-80.0;0.0;290.0;80.0;0.0
26;1.04;279.2;-79.2;0.0;289.6;79.2;0.0
27;1.08;278.4;-78.4;0.0;289.2;78.4;0.0
28;1.12;277.6;-77.6;0.0;288.8;77.6;0.0
29;1.16;276.8;-76.8;0.0;288.4;76.8;0.0
30;1.2;276.0;-76.0;0.0;288.0;76.0;0.0
31;1.24;275.2;-75.2;0.0;287.6;75.2;0.0
32;1.28;274.4;-74.4;0.0;287.2;74.4;0.0
33;1.32;273.6;-73.6;0.0;286.8;73.6;0.0
34;1.36;272.8;-72.8;0.0;286.4;72.8;0.0
35;1.4;272.0;-72.0;0.0;286.0;72.0;0.0
36;1.44;271.2;-71.2;0.0;285.6;71.2;0.0
37;1.48;270.4;-70.4;0.0;285.2;70.4;0.0
38;1.52;269.6;-69.6;0.0;284.8;69.6;0.0
39;1.56;268.8;-68.8;0.0;284.4;68.8;0.0
40;1.6;268.0;-68.0;0.0;284.0;68.0;0.0
41;1.64;267.2;-67.2;0.0;283.6;67.2;0.0
42;1.68;266.4;-66.4;0.0;283.2;66.4;0.0
43;1.72;265.6;-65.6;0.0;282.8;65.6;0.0
44;1.76;264.8;-64.8;0.0;282.4;64.8;0.0
45;1.8;264.0;-64.0;0.0;282.0;64.0;0.0
46;1.84;263.2;-63.2;0.0;281.6;63.2;0.0
47;1.88;262.4;-62.4;0.0;281.2;62.4;0.0
48;1.92;261.6;-61.6;0.0;280.8;61.6;0.0
49;1.96;260.8;-60.8;0.0;280.4;60.8;0.0
50;2.0;260.0;-60.0;0.0;280.0;60.0;0.0
51;2.04;259.2;-59.2;0.0;279.6;59.2;0.0
52;2.08;258.4;-58.4;0.0;279.2;58.4;0.0
53;2.12;257.6;-57.6;0.0;278.8;57.6;0.0
54;2.16;256.8;-56.8;0.0;278.4;56.8;0.0
55;2.2;256.0;-56.0;0.0;278.0;56.0;0.0
56;2.24;255.2;-55.2;0.0;277.6;55.2;0.0
57;2.28;254.4;-54.4;0.0;277.2;54.4;0.0
58;2.32;253.6;-53.6;0.0;276.8;53.6;0.0
59;2.36;252.8;-52.8;0.0;276.4;52.8;0.0
60;2.4;252.0;-52.0;0.0;276.0;52.0;0.0
61;2.44;251.2;-51.2;0.0;275.6;51.2;0.0
62;2.48;250.4;-50.4;0.0;275.2;50.4;0.0
63;2.52;249.6;-49.6;0.0;274.8;49.6;0.0
64;2.56;248.8;-48.8;0.0;274.4;48.8;0.0
65;2.6;248.0;-48.0;0.0;274.0;48.0;0.0
66;2.64;247.2;-47.2;0.0;273.6;47.2;0.0
67;2.68;246.4;-46.4;0.0;273.2;46.4;0.0
68;2.72;245.6;-45.6;0.0;272.8;45.6;0.0
69;2.76;244.8;-44.8;0.0;272.4;44.8;0.0
70;2.8;244.0;-44.0;0.0;272.0;44.0;0.0
71;2.84;243.2;-43.2;0.0;271.6;43.2;0.0
72;2.88;242.4;-42.4;0.0;271.2;42.4;0.0
73;2.92;241.6;-41.6;0.0;270.8;41.6;0.0
74;2.96;240.8;-40.8;0.0;270.4;40.8;0.0
75;3.0;240.0;-40.0;0.0;270.0;40.0;0.0
76;3.04;239.2;-39.2;0.0;269.6;39.2;0.0
77;3.08;238.4;-38.4;0.0;269.2;38.4;0.0
78;3.12;237.6;-37.6;0.0;268.8;37.6;0.0
79;3.16;236.8;-36.8;0.0;268.4;36.8;0.0
80;3.2;236.0;-36.0;0.0;268.0;36.0;0.0
81;3.24;235.2;-35.2;0.0;267.6;35.2;0.0
82;3.28;234.4;-34.4;0.0;267.2;34.4;0.0
83;3.32;233.6;-33.6;0.0;266.8;33.6;0.0
84;3.36;232.8;-32.8;0.0;266.4;32.8;0.0
85;3.4;232.0;-32.0;0.0;266.0;32.0;0.0
86;3.44;231.2;-31.2;0.0;265.6;31.2;0.0
87;3.48;230.4;-30.4;0.0;265.2;30.4;0.0
88;3.52;229.6;-29.6;0.0;264.8;29.6;0.0
89;3.56;228.8;-28.8;0.0;264.4;28.8;0.0
90;3.6;228.0;-28.0;0.0;264.0;28.0;0.0
91;3.64;227.2;-27.2;0.0;263.6;27.2;0.0
92;3.68;226.4;-26.4;0.0;263.2;26.4;0.0
93;3.72;225.6;-25.6;0.0;262.8;25.6;0.0
94;3.76;224.8;-24.8;0.0;262.4;24.8;0.0
95;3.8;224.0;-24.0;0.0;262.0;24.0;0.0
96;3.84;223.2;-23.2;0.0;261.6;23.2;0.0
97;3.88;222.4;-22.4;0.0;261.2;22.4;0.0
98;3.92;221.6;-21.6;0.0;260.8;21.6;0.0
99;3.96;220.8;-20.8;0.0;260.4;20.8;0.0
100;4.0;220.0;-20.0;0.0;260.0;20.0;0.0
101;4.04;219.2;-19.2;0.0;259.6;19.2;0.0
102;4.08;218.4;-18.4;0.0;259.2;18.4;0.0
103;4.12;217.6;-17.6;0.0;258.8;17.6;0.0
104;4.16;216.8;-16.8;0.0;258.4;16.8;0.0
105;4.2;216.0;-16.0;0.0;258.0;16.0;0.0
106;4.24;215.2;-15.2;0.0;257.6;15.2;0.0
107;4.28;214.4;-14.4;0.0;257.2;14.4;0.0
108;4.32;213.6;-13.6;0.0;256.8;13.6;0.0
109;4.36;212.8;-12.8;0.0;256.4;12.8;0.0
110;4.4;212.0;-12.0;0.0;256.0;12.0;0.0
111;4.44;211.2;-11.2;0.0;255.6;11.2;0.0
112;4.48;210.4;-10.4;0.0;255.2;10.4;0.0
113;4.52;209.6;-9.6;0.0;254.8;9.6;0.0
114;4.56;208.8;-8.8;0.0;254.4;8.8;0.0
115;4.6;208.0;-8.0;0.0;254.0;8.0;0.0
116;4.64;207.2;-7.2;0.0;253.6;7.2;0.0
117;4.68;206.4;-6.4;0.0;253.2;6.4;0.0
118;4.72;205.6;-5.6;0.0;252.8;5.6;0.0
119;4.76;204.8;-4.8;0.0;252.4;4.8;0.0
120;4.8;204.0;-4.0;0.0;252.0;4.0;0.0
121;4.84;203.2;-3.2;0.0;251.6;3.2;0.0
122;4.88;202.4;-2.4;0.0;251.2;2.4;0.0
123;4.92;201.6;-1.6;0.0;250.8;1.6;0.0
124;4.96;200.8;-0.8;0.0;250.4;0.8;0.0
125;5.0;200.0;0.0;0.0;250.0;0.0;0.0
126;5.04;199.2;0.8;0.0;249.6;-0.8;0.0
127;5.08;198.4;1.6;0.0;249.2;-1.6;0.0
128;5.12;197.6;2.4;0.0;248.8;-2.4;0.0
129;5.16;196.8;3.2;0.0;248.4;-3.2;0.0
130;5.2;196.0;4.0;0.0;248.0;-4.0;0.0
131;5.24;195.2;4.8;0.0;247.6;-4.8;0.0
132;5.28;194.4;5.6;0.0;247.2;-5.6;0.0
133;5.32;193.6;6.4;0.0;246.8;-6.4;0.0
134;5.36;192.8;7.2;0.0;246.4;-7.2;0.0
135;5.4;192.0;8.0;0.0;246.0;-8.0;0.0
136;5.44;191.2;8.8;0.0;245.6;-8.8;0.0
137;5.48;190.4;9.6;0.0;245.2;-9.6;0.0
138;5.52;189.6;10.4;0.0;244.8;-10.4;0.0
139;5.56;188.8;11.2;0.0;244.4;-11.2;0.0
140;5.6;188.0;12.0;0.0;244.0;-12.0;0.0
141;5.64;187.2;12.8;0.0;243.6;-12.8;0.0
142;5.68;186.4;13.6;0.0;243.2;-13.6;0.0
143;5.72;185.6;14.4;0.0;242.8;-14.4;0.0
144;5.76;184.8;15.2;0.0;242.4;-15.2;0.0
145;5.8;184.0;16.0;0.0;242.0;-16.0;0.0
146;5.84;183.2;16.8;0.0;241.6;-16.8;0.0
147;5.88;182.4;17.6;0.0;241.2;-17.6;0.0
148;5.92;181.6;18.4;0.0;240.8;-18.4;0.0
149;5.96;180.8;19.2;0.0;240.4;-19.2;0.0
150;6.0;180.0;20.0;0.0;240.0;-20.0;0.0
151;6.04;179.2;20.8;0.0;239.6;-20.8;0.0
152;6.08;178.4;21.6;0.0;239.2;-21.6;0.0
153;6.12;177.6;22.4;0.0;238.8;-22.4;0.0
154;6.16;176.8;23.2;0.0;238.4;-23.2;0.0
155;6.2;176.0;24.0;0.0;238.0;-24.0;0.0
156;6.24;175.2;24.8;0.0;237.6;-24.8;0.0
157;6.28;174.4;25.6;0.0;237.2;-25.6;0.0
158;6.32;173.6;26.4;0.0;236.8;-26.4;0.0
159;6.36;172.8;27.2;0.0;236.4;-27.2;0.0
160;6.4;172.0;28.0;0.0;236.0;-28.0;0.0
161;6.44;171.2;28.8;0.0;235.6;-28.8;0.0
162;6.48;170.4;29.6;0.0;235.2;-29.6;0.0
163;6.52;169.6;30.4;0.0;234.8;-30.4;0.0
164;6.56;168.8;31.2;0.0;234.4;-31.2;0.0
165;6.6;168.0;32.0;0.0;234.0;-32.0;0.0
166;6.64;167.2;32.8;0.0;233.6;-32.8;0.0
167;6.68;166.4;33.6;0.0;233.2;-33.6;0.0
168;6.72;165.6;34.4;0.0;232.8;-34.4;0.0
169;6.76;164.8;35.2;0.0;232.4;-35.2;0.0
170;6.8;164.0;36.0;0.0;232.0;-36.0;0.0
171;6.84;163.2;36.8;0.0;231.6;-36.8;0.0
172;6.88;162.4;37.6;0.0;231.2;-37.6;0.0
173;6.92;161.6;38.4;0.0;230.8;-38.4;0.0
174;6.96;160.8;39.2;0.0;230.4;-39.2;0.0
175;7.0;160.0;40.0;0.0;230.0;-40.0;0.0
176;7.04;159.2;40.8;0.0;229.6;-40.8;0.0
177;7.08;158.4;41.6;0.0;229.2;-41.6;0.0
178;7.12;157.6;42.4;0.0;228.8;-42.4;0.0
179;7.16;156.8;43.2;0.0;228.4;-43.2;0.0
180;7.2;156.0;44.0;0.0;228.0;-44.0;0.0
181;7.24;155.2;44.8;0.0;227.6;-44.8;0.0
182;7.28;154.4;45.6;0.0;227.2;-45.6;0.0
183;7.32;153.6;46.4;0.0;226.8;-46.4;0.0
184;7.36;152.8;47.2;0.0;226.4;-47.2;0.0
185;7.4;152.0;48.0;0.0;226.0;-48.0;0.0
186;7.44;151.2;48.8;0.0;225.6;-48.8;0.0
187;7.48;150.4;49.6;0.0;225.2;-49.6;0.0
188;7.52;149.6;50.4;0.0;224.8;-50.4;0.0
189;7.56;148.8;51.2;0.0;224.4;-51.2;0.0
190;7.6;148.0;52.0;0.0;224.0;-52.0;0.0
191;7.64;147.2;52.8;0.0;223.6;-52.8;0.0
192;7.68;146.4;53.6;0.0;223.2;-53.6;0.0
193;7.72;145.6;54.4;0.0;222.8;-54.4;0.0
194;7.76;144.8;55.2;0.0;222.4;-55.2;0.0
195;7.8;144.0;56.0;0.0;222.0;-56.0;0.0
196;7.84;143.2;56.8;0.0;221.6;-56.8;0.0
197;7.88;142.4;57.6;0.0;221.2;-57.6;0.0
198;7.92;141.6;58.4;0.0;220.8;-58.4;0.0
199;7.96;140.8;59.2;0.0;220.4;-59.2;0.0
200;8.0;140.0;60.0;0.0;220.0;-60.0;0.0
201;8.04;139.2;60.8;0.0;219.6;-60.8;0.0
202;8.08;138.4;61.6;0.0;219.2;-61.6;0.0
203;8.12;137.6;62.4;0.0;218.8;-62.4;0.0
204;8.16;136.8;63.2;0.0;218.4;-63.2;0.0
205;8.2;136.0;64.0;0.0;218.0;-64.0;0.0
206;8.24;135.2;64.8;0.0;217.6;-64.8;0.0
207;8.28;134.4;65.6;0.0;217.2;-65.6;0.0
208;8.32;133.6;66.4;0.0;216.8;-66.4;0.0
209;8.36;132.8;67.2;0.0;216.4;-67.2;0.0
210;8.4;132.0;68.0;0.0;216.0;-68.0;0.0
211;8.44;131.2;68.8;0.0;215.6;-68.8;0.0
212;8.48;130.4;69.6;0.0;215.2;-69.6;0.0
213;8.52;129.6;70.4;0.0;214.8;-70.4;0.0
214;8.56;128.8;71.2;0.0;214.4;-71.2;0.0
215;8.6;128.0;72.0;0.0;214.0;-72.0;0.0
216;8.64;127.2;72.8;0.0;213.6;-72.8;0.0
217;8.68;126.4;73.6;0.0;213.2;-73.6;0.0
218;8.72;125.6;74.4;0.0;212.8;-74.4;0.0
219;8.76;124.8;75.2;0.0;212.4;-75.2;0.0
220;8.8;124.0;76.0;0.0;212.0;-76.0;0.0
221;8.84;123.2;76.8;0.0;211.6;-76.8;0.0
222;8.88;122.4;77.6;0.0;211.2;-77.6;0.0
223;8.92;121.6;78.4;0.0;210.8;-78.4;0.0
224;8.96;120.8;79.2;0.0;210.4;-79.2;0.0
225;9.0;120.0;80.0;0.0;210.0;-80.0;0.0
226;9.04;119.2;80.8;0.0;209.6;-80.8;0.0
227;9.08;118.4;81.6;0.0;209.2;-81.6;0.0
228;9.12;117.6;82.4;0.0;208.8;-82.4;0.0
229;9.16;116.8;83.2;0.0;208.4;-83.2;0.0
230;9.2;116.0;84.0;0.0;208.0;-84.0;0.0
231;9.24;115.2;84.8;0.0;207.6;-84.8;0.0
232;9.28;114.4;85.6;0.0;207.2;-85.6;0.0
233;9.32;113.6;86.4;0.0;206.8;-86.4;0.0
234;9.36;112.8;87.2;0.0;206.4;-87.2;0.0
235;9.4;112.0;88.0;0.0;206.0;-88.0;0.0
236;9.44;111.2;88.8;0.0;205.6;-88.8;0.0
237;9.48;110.4;89.6;0.0;205.2;-89.6;0.0
238;9.52;109.6;90.4;0.0;204.8;-90.4;0.0
239;9.56;108.8;91.2;0.0;204.4;-91.2;0.0
240;9.6;108.0;92.0;0.0;204.0;-92.0;0.0
241;9.64;107.2;92.8;0.0;203.6;-92.8;0.0
242;9.68;106.4;93.6;0.0;203.2;-93.6;0.0
243;9.72;105.6;94.4;0.0;202.8;-94.4;0.0
244;9.76;104.8;95.2;0.0;202.4;-95.2;0.0
245;9.8;104.0;96.0;0.0;202.0;-96.0;0.0
246;9.84;103.2;96.8;0.0;201.6;-96.8;0.0
247;9.88;102.4;97.6;0.0;201.2;-97.6;0.0
248;9.92;101.6;98.4;0.0;200.8;-98.4;0.0
249;9.96;100.8;99.2;0.0;200.4;-99.2;0.0
250;10.0;100.0;100.0;0.0;200.0;-100.0;0.0
