X,Y,Z
300.0,0,0
299.3333333333333,0,0
298.6666666666667,0,0
298.0,0,0
297.3333333333333,0,0
296.6666666666667,0,0
296.0,0,0
295.3333333333333,0,0
294.6666666666667,0,0
294.0,0,0
293.3333333333333,0,0
292.6666666666667,0,0
292.0,0,0
291.3333333333333,0,0
290.6666666666667,0,0
290.0,0,0
289.3333333333333,0,0
288.6666666666667,0,0
288.0,0,0
287.3333333333333,0,0
286.6666666666667,0,0
286.0,0,0
285.3333333333333,0,0
284.6666666666667,0,0
284.0,0,0
283.3333333333333,0,0
282.6666666666667,0,0
282.0,0,0
281.3333333333333,0,0
280.6666666666667,0,0
280.0,0,0
279.3333333333333,0,0
278.6666666666667,0,0
278.0,0,0
277.3333333333333,0,0
276.6666666666667,0,0
276.0,0,0
275.3333333333333,0,0
274.6666666666667,0,0
274.0,0,0
273.3333333333333,0,0
272.6666666666667,0,0
272.0,0,0
271.3333333333333,0,0
270.6666666666667,0,0
270.0,0,0
269.3333333333333,0,0
268.6666666666667,0,0
268.0,0,0
267.3333333333333,0,0
266.6666666666667,0,0
266.0,0,0
265.3333333333333,0,0
264.6666666666667,0,0
264.0,0,0
263.3333333333333,0,0
262.6666666666667,0,0
262.0,0,0
261.3333333333333,0,0
260.6666666666667,0,0
260.0,0,0
259.3333333333333,0,0
258.6666666666667,0,0
258.0,0,0
257.3333333333333,0,0
256.6666666666667,0,0
256.0,0,0
255.33333333333334,0,0
254.66666666666669,0,0
254.0,0,0
253.33333333333334,0,0
252.66666666666669,0,0
252.0,0,0
251.33333333333334,0,0
250.66666666666669,0,0
250.0,0,0
249.33333333333334,0,0
248.66666666666669,0,0
248.0,0,0
247.33333333333334,0,0
246.66666666666669,0,0
246.0,0,0
245.33333333333334,0,0
244.66666666666669,0,0
244.0,0,0
243.33333333333334,0,0
242.66666666666669,0,0
242.0,0,0
241.33333333333334,0,0
240.66666666666669,0,0
240.0,0,0
239.33333333333334,0,0
238.66666666666669,0,0
238.0,0,0
237.33333333333334,0,0
236.66666666666669,0,0
236.0,0,0
235.33333333333334,0,0
234.66666666666669,0,0
234.0,0,0
233.33333333333334,0,0
232.66666666666669,0,0
232.0,0,0
231.33333333333334,0,0
230.66666666666669,0,0
230.0,0,0
229.33333333333334,0,0
228.66666666666669,0,0
228.0,0,0
227.33333333333334,0,0
226.66666666666669,0,0
226.0,0,0
225.33333333333334,0,0
224.66666666666669,0,0
224.0,0,0
223.33333333333334,0,0
222.66666666666669,0,0
222.0,0,0
221.33333333333334,0,0
220.66666666666669,0,0
220.0,0,0
219.33333333333334,0,0
218.66666666666669,0,0
218.0,0,0
217.33333333333334,0,0
216.66666666666669,0,0
216.0,0,0
215.33333333333334,0,0
214.66666666666669,0,0
214.0,0,0
213.33333333333334,0,0
212.66666666666669,0,0
212.0,0,0
211.33333333333334,0,0
210.66666666666669,0,0
210.0,0,0
209.33333333333334,0,0
208.66666666666669,0,0
208.0,0,0
207.33333333333334,0,0
206.66666666666669,0,0
206.0,0,0
205.33333333333334,0,0
204.66666666666669,0,0
204.0,0,0
203.33333333333334,0,0
202.66666666666669,0,0
202.0,0,0
201.33333333333334,0,0
200.66666666666669,0,0
200.0,0,0
199.33333333333334,0,0
198.66666666666669,0,0
198.0,0,0
197.33333333333334,0,0
196.66666666666669,0,0
196.0,0,0
195.33333333333334,0,0
194.66666666666669,0,0
194.0,0,0
193.33333333333334,0,0
192.66666666666669,0,0
192.0,0,0
191.33333333333334,0,0
190.66666666666669,0,0
190.0,0,0
189.33333333333334,0,0
188.66666666666669,0,0
188.0,0,0
187.33333333333334,0,0
186.66666666666669,0,0
186.0,0,0
185.33333333333334,0,0
184.66666666666669,0,0
184.0,0,0
183.33333333333334,0,0
182.66666666666669,0,0
182.0,0,0
181.33333333333334,0,0
180.66666666666669,0,0
180.0,0,0
179.33333333333334,0,0
178.66666666666669,0,0
178.0,0,0
177.33333333333334,0,0
176.66666666666669,0,0
176.0,0,0
175.33333333333334,0,0
174.66666666666669,0,0
174.0,0,0
173.33333333333334,0,0
172.66666666666669,0,0
172.0,0,0
171.33333333333334,0,0
170.66666666666669,0,0
170.0,0,0
169.33333333333334,0,0
168.66666666666669,0,0
168.0,0,0
167.33333333333334,0,0
166.66666666666669,0,0
166.0,0,0
165.33333333333334,0,0
164.66666666666669,0,0
164.0,0,0
163.33333333333334,0,0
162.66666666666669,0,0
162.0,0,0
161.33333333333334,0,0
160.66666666666669,0,0
160.0,0,0
159.33333333333334,0,0
158.66666666666669,0,0
158.0,0,0
157.33333333333334,0,0
156.66666666666669,0,0
156.0,0,0
155.33333333333334,0,0
154.66666666666669,0,0
154.0,0,0
153.33333333333334,0,0
152.66666666666669,0,0
152.0,0,0
151.33333333333334,0,0
150.66666666666669,0,0
150.0,0,0
149.33333333333334,0,0
148.66666666666669,0,0
148.0,0,0
147.33333333333334,0,0
146.66666666666669,0,0
146.0,0,0
145.33333333333334,0,0
144.66666666666669,0,0
144.0,0,0
143.33333333333334,0,0
142.66666666666669,0,0
142.0,0,0
141.33333333333334,0,0
140.66666666666669,0,0
140.0,0,0
139.33333333333334,0,0
138.66666666666669,0,0
138.0,0,0
137.33333333333334,0,0
136.66666666666669,0,0
136.0,0,0
135.33333333333334,0,0
134.66666666666669,0,0
134.0,0,0
133.33333333333334,0,0
132.66666666666669,0,0
132.0,0,0
131.33333333333334,0,0
130.66666666666669,0,0
130.0,0,0
129.33333333333334,0,0
128.66666666666669,0,0
128.0,0,0
127.33333333333334,0,0
126.66666666666669,0,0
126.0,0,0
125.33333333333334,0,0
124.66666666666669,0,0
124.0,0,0
123.33333333333334,0,0
122.66666666666669,0,0
122.0,0,0
121.33333333333334,0,0
120.66666666666669,0,0
120.0,0,0
119.33333333333334,0,0
118.66666666666669,0,0
118.0,0,0
117.33333333333334,0,0
116.66666666666669,0,0
116.0,0,0
115.33333333333334,0,0
114.66666666666669,0,0
114.0,0,0
113.33333333333334,0,0
112.66666666666669,0,0
112.0,0,0
111.33333333333334,0,0
110.66666666666669,0,0
110.0,0,0
109.33333333333334,0,0
108.66666666666669,0,0
108.0,0,0
107.33333333333334,0,0
106.66666666666669,0,0
106.0,0,0
105.33333333333334,0,0
104.66666666666669,0,0
104.0,0,0
103.33333333333334,0,0
102.66666666666669,0,0
102.0,0,0
101.33333333333334,0,0
100.66666666666669,0,0
100.0,0,0
